study_hours,attendance,assignments_completed,previous_grade,participation,sleep_hours,internet_usage,final_score
7.97,78.32,6.0,89.75,2.85,8.09,1.12,99.7
4.95,77.55,6.0,75.65,8.26,5.21,1.8,81.26
8.73,91.43,2.0,54.69,1.95,6.31,2.9,72.93
7.28,85.53,8.0,84.74,6.53,4.88,2.12,94.49
1.85,51.33,7.0,45.07,7.72,7.32,6.13,61.67
9.78,52.47,8.0,86.47,7.76,8.38,1.74,100.0
,80.08,5.0,75.4,2.71,6.13,7.06,81.21
8.07,74.31,9.0,46.65,1.55,4.98,2.55,86.83
2.15,63.01,4.0,44.77,5.04,5.36,1.76,56.37
5.05,70.93,8.0,85.05,2.82,8.91,,84.82
4.34,87.9,2.0,57.58,7.29,5.61,6.01,66.36
9.34,91.33,2.0,93.36,4.21,8.65,2.8,99.05
6.79,78.06,5.0,85.72,5.04,5.99,4.57,82.48
8.4,69.27,6.0,81.89,2.02,5.13,1.78,87.74
4.99,63.53,8.0,56.72,6.11,8.36,7.9,74.54
3.05,76.1,3.0,82.54,2.67,6.81,1.88,60.93
5.99,65.74,9.0,96.89,7.11,4.19,3.88,91.11
,78.2,3.0,45.49,1.64,9.76,6.96,48.08
8.45,83.83,5.0,59.57,9.78,4.89,2.71,95.48
6.68,53.3,10.0,54.08,7.16,,2.87,75.38
7.82,50.05,5.0,63.6,2.64,6.31,6.66,69.96
4.19,60.61,7.0,84.54,1.13,6.94,2.91,71.12
9.74,94.73,9.0,68.45,4.01,8.71,1.02,100.0
9.04,82.31,10.0,74.24,2.38,4.04,,95.6
8.01,58.6,5.0,58.85,2.97,,1.09,87.83
2.75,94.51,4.0,48.48,8.85,7.88,7.37,69.47
5.2,73.5,2.0,56.02,6.43,,5.49,67.39
1.39,73.8,5.0,91.58,2.59,8.9,5.08,67.82
2.39,96.78,10.0,76.15,6.01,9.57,2.41,85.87
7.15,52.97,5.0,62.68,3.3,7.61,5.9,75.59
7.7,60.76,3.0,87.39,9.79,6.14,5.74,81.12
9.71,79.29,1.0,43.87,1.29,6.66,1.42,71.87
3.93,59.77,4.0,55.23,7.59,7.95,7.17,64.83
4.33,83.98,2.0,53.81,7.96,6.56,,72.22
5.23,60.7,10.0,99.12,1.6,8.39,6.55,76.63
2.71,54.96,5.0,82.37,2.55,4.55,2.84,67.3
,60.35,1.0,77.07,4.46,8.98,1.85,58.99
5.28,71.14,0.0,40.3,8.81,5.23,,51.37
3.04,58.81,9.0,51.06,5.83,9.66,6.56,55.31
7.03,56.73,10.0,78.13,6.9,4.93,3.7,83.86
4.93,93.01,8.0,62.78,8.05,4.77,1.17,86.7
8.49,66.02,1.0,95.46,8.45,8.87,6.73,89.15
7.3,68.04,1.0,85.88,5.29,8.91,2.44,85.08
3.81,52.76,2.0,66.84,5.58,8.43,3.37,59.57
8.49,67.87,8.0,84.97,7.46,9.76,5.4,95.57
8.24,63.24,8.0,98.52,3.37,5.62,1.7,94.71
4.49,80.52,9.0,67.66,8.69,8.96,1.5,89.76
3.59,60.27,1.0,78.55,1.19,6.11,1.18,59.92
7.14,94.42,1.0,95.12,2.76,7.22,7.42,79.67
2.26,96.48,9.0,54.92,8.2,6.67,3.18,81.61
2.8,54.99,10.0,93.19,4.06,4.04,,71.02
1.07,55.37,7.0,45.85,2.35,7.45,7.92,43.63
8.08,55.77,1.0,78.91,2.68,8.49,5.69,71.84
6.98,80.98,0.0,86.97,5.78,5.05,,82.81
7.35,56.1,0.0,76.88,8.62,9.59,4.65,77.52
8.03,92.62,7.0,69.73,1.64,7.18,3.64,87.51
,87.71,9.0,77.04,1.27,,5.2,84.83
6.12,90.99,6.0,49.1,5.19,7.88,7.71,85.41
2.26,76.3,2.0,52.93,9.61,5.15,6.52,58.25
2.03,99.83,8.0,56.19,3.51,4.38,3.97,73.24
7.02,52.21,0.0,75.87,9.63,8.11,3.33,80.71
5.24,70.06,9.0,66.51,8.99,4.66,7.18,78.82
,66.2,9.0,54.67,3.55,4.64,1.95,77.43
7.88,97.43,7.0,92.97,8.35,8.44,6.95,99.38
6.71,78.84,9.0,62.44,7.17,4.33,2.79,87.59
5.98,90.31,6.0,66.76,5.61,8.86,6.01,81.73
6.03,58.52,5.0,64.58,4.81,8.78,6.64,70.86
3.74,98.93,3.0,50.92,8.34,4.85,4.34,66.38
1.28,74.93,10.0,83.9,8.14,7.11,2.35,79.51
4.93,74.68,7.0,66.91,7.81,4.58,,78.69
2.93,98.54,2.0,40.98,9.98,7.8,,66.45
4.68,69.04,10.0,97.84,5.31,4.38,3.24,81.23
8.68,69.88,0.0,88.95,8.26,9.67,4.57,86.51
3.11,79.24,6.0,83.41,8.76,5.25,4.05,72.43
1.52,56.4,2.0,92.15,2.9,8.1,,57.8
3.53,66.05,7.0,94.41,1.38,4.77,1.96,76.19
3.64,59.66,4.0,60.25,4.64,5.26,4.05,61.03
6.96,55.16,4.0,76.66,8.71,6.71,7.24,75.88
6.01,93.31,7.0,76.53,3.6,7.44,1.25,90.93
8.06,79.47,8.0,56.04,7.3,9.99,4.2,91.78
6.98,67.93,4.0,53.32,1.07,4.16,5.62,60.57
4.66,70.43,10.0,46.83,4.2,4.0,7.21,71.8
8.33,71.58,5.0,79.56,6.54,6.1,5.16,92.39
2.5,81.66,1.0,86.86,2.17,6.2,6.77,63.59
1.2,96.34,0.0,85.66,9.07,9.3,2.56,68.77
1.81,96.64,2.0,58.98,2.41,9.48,,65.15
7.5,69.57,7.0,52.32,9.19,9.28,7.59,83.27
5.16,66.46,5.0,67.22,2.95,4.86,7.2,68.59
2.45,72.55,3.0,72.81,9.95,,4.91,65.76
5.51,78.4,5.0,95.15,6.44,8.48,4.33,87.43
2.37,73.09,9.0,92.49,1.76,5.88,4.16,64.91
7.27,82.94,6.0,94.96,1.59,7.98,1.41,92.21
5.02,77.72,0.0,91.02,1.67,5.42,7.25,65.75
4.43,66.04,0.0,97.87,6.31,5.94,6.73,67.27
3.71,67.29,5.0,67.93,8.29,9.16,4.19,81.06
6.67,68.93,4.0,42.85,4.63,5.5,2.96,64.13
4.26,54.73,9.0,45.01,5.0,9.79,3.4,68.12
1.79,58.3,6.0,63.42,6.3,5.84,1.86,58.37
2.06,86.16,8.0,55.46,5.8,4.14,6.05,63.38
9.66,69.45,6.0,50.2,7.19,5.53,4.9,90.84
9.18,60.73,3.0,97.19,5.25,5.03,2.64,96.48
7.3,78.13,7.0,51.73,7.42,7.04,,81.35
3.39,87.78,6.0,97.56,9.98,4.68,7.85,80.89
9.72,62.87,7.0,85.65,4.15,,1.86,93.89
8.01,91.34,2.0,78.46,1.11,9.25,4.21,89.52
7.45,96.38,7.0,80.56,2.13,6.18,4.46,95.98
5.04,79.87,3.0,59.89,5.98,5.01,2.17,70.52
3.45,83.45,8.0,78.79,4.1,6.4,4.72,72.29
1.87,52.63,8.0,51.2,9.46,8.72,5.24,59.23
9.12,97.28,6.0,96.26,6.65,7.55,,100.0
5.1,69.62,10.0,58.11,5.68,4.61,2.08,82.19
2.82,96.2,5.0,55.31,8.18,,6.99,61.98
,78.95,0.0,82.67,3.33,6.81,3.18,63.97
6.21,50.23,6.0,79.39,8.38,5.96,5.41,86.48
2.59,51.93,8.0,67.08,1.03,4.66,5.39,56.82
8.71,84.02,1.0,77.95,6.58,9.89,6.87,93.92
7.83,78.13,1.0,49.57,9.41,5.06,6.18,77.1
7.48,51.33,3.0,80.4,8.09,5.16,6.88,73.02
4.89,87.17,9.0,56.24,8.68,4.87,5.38,81.31
6.65,92.61,5.0,56.37,4.57,7.42,,80.66
6.26,74.82,10.0,49.73,8.42,,3.75,82.81
6.85,73.29,9.0,59.94,5.96,5.5,3.65,81.77
,50.27,6.0,59.88,6.57,6.58,3.93,64.17
4.74,89.33,7.0,67.25,1.53,8.04,1.91,75.35
1.37,66.54,3.0,51.43,2.81,5.69,3.97,51.91
5.45,93.94,0.0,51.58,5.96,9.49,3.73,68.99
3.97,68.65,4.0,72.5,1.53,5.84,1.24,66.0
2.3,78.25,6.0,47.73,7.67,5.19,2.93,66.52
1.93,63.52,2.0,81.33,8.56,9.73,6.26,62.26
6.29,58.03,2.0,96.64,9.28,8.86,5.05,86.46
2.54,88.75,0.0,65.61,1.92,6.06,6.64,44.99
9.33,74.83,8.0,94.07,9.46,9.05,4.8,100.0
6.23,76.82,9.0,45.9,1.61,7.11,6.98,63.85
4.12,98.27,9.0,42.58,5.27,6.08,6.57,73.59
6.32,98.18,4.0,83.28,8.56,9.04,1.69,99.32
1.21,92.78,6.0,85.66,1.63,8.51,7.84,69.75
9.63,59.38,10.0,90.58,1.16,5.79,1.1,94.24
5.34,79.71,6.0,43.41,1.22,7.64,5.18,61.97
8.04,93.91,3.0,86.61,5.6,6.22,6.55,87.34
1.74,68.72,3.0,62.59,8.3,4.01,3.32,59.12
5.38,55.06,7.0,58.2,2.15,9.77,5.19,61.74
5.42,90.55,4.0,50.38,2.12,7.3,3.53,70.14
9.44,74.09,9.0,99.76,6.12,7.59,1.42,100.0
6.15,78.22,9.0,43.82,3.11,7.6,1.06,79.0
5.26,99.11,0.0,89.62,7.57,7.3,1.66,86.51
3.4,80.36,7.0,78.37,9.55,5.74,1.69,84.28
3.98,71.25,4.0,84.1,7.89,9.83,5.28,76.12
5.69,68.5,5.0,82.7,8.89,7.73,4.68,76.98
4.95,70.88,2.0,91.51,5.68,8.03,4.19,77.32
1.19,55.92,4.0,51.03,8.49,,5.84,48.43
,89.74,3.0,40.05,2.65,5.73,1.12,74.5
9.07,91.89,0.0,75.91,1.62,4.39,2.9,82.96
2.26,64.22,8.0,61.23,6.9,6.1,6.44,71.03
5.99,65.19,1.0,47.43,1.47,5.06,7.37,53.54
1.98,93.72,4.0,51.17,9.03,7.97,4.07,69.88
7.05,51.2,2.0,59.9,7.22,9.27,1.57,69.03
3.53,76.02,1.0,44.21,9.57,5.82,6.59,58.86
,73.18,4.0,43.41,3.82,,7.2,66.78
7.54,84.51,10.0,94.96,5.38,8.02,3.9,100.0
7.92,58.17,10.0,58.73,7.68,4.9,2.7,87.16
1.97,83.42,4.0,98.93,3.19,,1.31,75.06
9.24,68.84,5.0,97.86,5.88,6.18,5.14,100.0
3.07,80.94,10.0,48.55,6.94,4.61,7.37,69.76
1.34,52.0,2.0,82.9,9.81,5.05,5.75,53.43
5.99,73.09,10.0,76.05,7.7,9.6,3.22,100.0
4.34,76.11,1.0,81.44,2.06,5.48,5.5,59.14
8.47,60.72,2.0,45.77,5.28,7.97,6.82,69.94
8.27,56.98,3.0,51.31,6.3,4.94,4.33,73.92
3.85,59.42,0.0,44.6,2.32,5.16,6.74,44.84
9.58,67.21,8.0,76.25,4.89,9.28,3.74,98.05
3.62,54.84,9.0,99.2,3.56,4.89,3.44,77.51
5.64,97.37,4.0,80.32,2.07,4.11,5.08,76.54
3.3,70.25,9.0,82.65,5.61,7.01,4.25,75.29
9.42,90.45,8.0,99.08,2.49,9.18,7.84,100.0
2.48,98.72,8.0,80.68,6.31,5.96,4.61,80.34
1.4,54.04,8.0,42.41,2.53,4.77,3.7,52.3
4.92,82.58,6.0,92.02,7.51,9.89,3.76,89.83
9.93,93.57,1.0,61.88,2.76,8.06,4.84,83.79
9.03,81.71,10.0,40.26,9.07,9.1,3.48,96.56
7.74,71.45,6.0,70.43,1.24,8.51,6.06,74.97
9.02,71.55,9.0,96.22,5.7,8.19,3.66,100.0
9.04,51.79,10.0,55.44,3.88,6.31,3.69,84.98
,76.73,2.0,69.49,3.03,5.95,5.32,72.89
3.84,99.68,4.0,50.43,5.24,8.3,1.43,68.54
7.95,97.94,2.0,43.46,8.58,8.3,5.59,79.93
6.95,52.02,0.0,44.83,9.24,9.7,4.53,63.39
4.36,85.29,10.0,83.62,3.73,7.41,4.17,93.26
1.85,65.09,10.0,91.84,2.39,5.77,,68.05
7.72,95.15,10.0,48.6,7.48,6.94,6.31,95.81
3.36,52.26,9.0,57.3,6.24,,6.92,70.96
9.43,96.79,7.0,51.7,2.81,6.56,3.62,91.11
3.17,91.87,5.0,41.61,7.84,8.75,3.29,64.69
,55.88,10.0,73.21,5.67,7.51,6.0,64.6
8.48,52.99,6.0,82.0,6.88,4.06,5.07,89.62
2.38,91.74,7.0,78.87,4.23,7.42,5.42,69.9
2.61,57.79,2.0,63.28,4.95,7.8,4.89,56.8
6.39,76.74,8.0,73.3,2.62,,6.41,84.98
8.87,95.79,9.0,45.65,7.81,6.48,2.33,99.74
2.77,78.37,7.0,49.26,2.41,7.45,4.89,64.23
3.79,69.86,5.0,95.91,8.0,6.85,2.11,78.86
8.0,72.25,2.0,85.69,8.18,7.19,3.85,84.66
9.75,53.16,0.0,95.36,7.72,4.4,5.65,87.58
,98.44,6.0,95.0,1.17,9.38,4.45,86.96
2.3,65.53,7.0,78.96,3.46,9.46,3.66,59.44
1.13,59.47,8.0,95.69,5.22,7.29,7.19,71.57
3.07,64.3,10.0,65.0,6.36,7.34,6.41,69.27
2.19,98.22,5.0,40.22,9.27,4.35,4.68,66.43
7.1,54.71,9.0,43.75,4.38,7.59,7.65,79.39
2.1,93.37,7.0,46.57,8.88,,3.97,70.71
5.56,85.39,3.0,45.72,2.47,8.25,6.52,69.08
7.25,91.5,9.0,61.1,4.34,4.28,2.18,90.71
6.23,98.79,0.0,82.08,1.47,8.27,3.0,84.28
2.8,92.11,6.0,87.44,7.68,5.72,3.37,77.28
8.24,97.17,10.0,75.41,2.36,7.91,1.74,100.0
7.44,56.35,7.0,48.79,3.31,7.76,4.51,77.4
7.65,89.79,10.0,84.87,7.98,5.36,2.35,100.0
2.18,77.28,0.0,61.29,5.81,6.64,5.44,58.55
2.11,77.17,5.0,40.78,1.13,9.01,2.33,53.8
9.35,94.95,8.0,56.84,1.02,7.63,1.86,100.0
4.58,98.59,7.0,59.84,5.6,4.41,7.78,84.17
,85.24,9.0,56.45,3.74,6.66,5.61,74.55
5.4,74.15,5.0,88.71,2.62,5.87,7.56,77.64
6.97,72.82,7.0,85.6,6.52,7.85,4.43,96.98
9.6,69.32,4.0,81.73,3.06,,1.23,87.5
3.58,68.08,9.0,48.34,6.33,4.06,5.02,62.23
9.32,69.58,1.0,88.47,4.41,7.65,4.91,91.64
1.22,54.49,2.0,80.63,2.68,,1.1,56.69
6.0,53.87,1.0,51.69,2.24,8.61,7.03,55.68
6.71,88.99,7.0,78.89,3.13,4.35,5.34,85.43
1.95,72.3,2.0,69.01,1.27,5.82,6.21,41.46
2.26,96.53,3.0,66.36,3.77,6.53,4.46,63.44
4.77,80.61,9.0,46.73,9.12,5.08,5.33,75.31
9.7,51.76,3.0,71.1,8.48,6.52,2.8,91.09
6.36,57.88,1.0,46.0,4.35,4.43,7.82,59.27
9.4,60.29,0.0,49.86,6.18,4.68,3.81,73.81
8.24,98.79,2.0,47.95,6.11,8.01,2.14,85.93
5.21,60.94,10.0,97.25,8.46,5.58,1.39,88.7
8.06,75.79,6.0,57.09,3.13,8.27,5.45,84.29
1.16,96.81,10.0,61.31,3.67,4.29,7.88,69.13
1.98,98.86,2.0,59.32,3.72,7.38,7.27,63.31
8.46,61.82,3.0,93.9,1.37,,5.91,89.75
8.17,52.46,1.0,73.78,3.83,8.78,7.93,65.03
3.09,57.68,4.0,95.15,8.9,8.7,6.06,73.11
5.78,53.17,6.0,58.0,9.21,6.25,3.37,72.72
6.45,59.76,8.0,46.89,1.99,7.74,5.21,71.87
8.81,78.43,4.0,73.37,5.12,5.37,1.56,89.44
6.43,95.62,8.0,60.73,4.43,7.48,2.55,88.1
4.71,76.86,6.0,88.11,5.4,4.49,3.92,84.44
4.37,81.3,3.0,92.77,5.99,6.61,2.41,75.64
4.83,60.09,10.0,68.35,1.18,5.1,7.67,66.15
6.87,90.03,4.0,98.28,8.58,9.3,7.97,91.42
8.81,80.89,1.0,73.18,9.76,6.67,3.6,88.2
5.09,93.21,10.0,56.26,6.88,7.54,,81.34
,97.44,10.0,69.34,6.94,6.16,3.85,85.07
3.13,67.4,0.0,42.24,5.75,5.73,1.98,50.29
,54.53,9.0,88.24,4.01,5.22,3.36,86.98
8.35,61.3,10.0,46.09,2.34,9.47,2.63,89.09
1.95,71.89,9.0,58.52,6.26,8.8,3.3,71.1
1.6,97.28,2.0,73.92,1.4,4.8,2.51,63.94
6.35,68.92,6.0,42.58,8.42,8.48,1.79,78.55
2.32,88.54,5.0,44.76,4.79,6.51,2.52,62.16
8.42,77.02,6.0,81.77,4.73,4.09,7.34,85.3
3.79,59.14,6.0,44.31,3.94,7.17,1.6,62.03
2.29,66.04,7.0,68.62,9.72,4.78,3.27,73.93
9.29,82.66,5.0,60.32,2.57,5.26,4.7,82.69
2.49,83.64,7.0,53.68,2.36,8.18,3.48,67.81
3.56,71.74,5.0,51.33,2.49,5.54,4.62,55.83
2.38,61.43,0.0,85.8,6.93,9.35,1.3,68.16
2.04,86.1,0.0,97.09,9.93,7.94,5.54,70.1
1.19,58.44,10.0,48.41,3.12,8.99,4.94,62.59
1.5,96.83,10.0,97.58,9.15,7.69,5.77,90.26
2.57,59.4,6.0,75.69,3.51,9.21,4.97,71.96
1.48,55.37,1.0,78.5,6.83,6.17,4.07,50.25
6.32,74.88,8.0,82.6,1.36,7.29,3.45,79.56
7.13,75.98,1.0,82.25,5.46,7.1,2.59,78.82
4.54,75.41,4.0,89.19,6.89,9.42,4.5,76.32
3.86,71.83,3.0,69.01,5.83,4.99,1.18,62.58
5.54,99.74,0.0,72.0,3.14,7.47,3.3,76.27
8.88,74.31,8.0,59.43,8.46,8.53,5.75,95.08
8.66,73.9,5.0,46.32,9.73,6.22,1.76,85.63
1.39,71.09,3.0,79.88,5.13,9.21,1.44,63.75
2.63,53.34,5.0,42.02,6.72,6.24,5.57,51.0
,79.65,0.0,56.54,8.11,5.04,3.78,65.68
3.24,61.4,4.0,45.65,3.17,7.5,6.61,49.93
6.14,81.88,5.0,51.44,8.78,6.52,7.56,71.47
4.75,52.54,3.0,78.32,3.52,4.09,7.7,63.58
1.44,99.07,9.0,77.71,7.98,,3.98,78.84
4.36,73.45,2.0,65.26,2.01,5.17,2.85,69.75
5.71,94.84,1.0,45.41,3.6,8.62,5.26,64.89
1.92,73.78,5.0,66.0,5.8,9.35,5.4,68.39
8.5,53.02,9.0,61.16,5.72,7.27,5.36,91.02
1.47,91.11,4.0,83.23,8.65,4.63,3.25,69.95
9.32,82.41,0.0,74.74,9.97,7.21,1.45,89.97
1.89,89.09,10.0,69.49,1.96,9.13,2.47,79.31
8.59,71.41,4.0,69.22,3.44,8.5,2.08,88.3
9.12,81.9,1.0,97.98,4.22,5.75,1.87,86.7
9.82,92.81,6.0,85.38,5.31,4.74,7.48,94.11
8.22,81.55,3.0,69.82,5.45,9.4,1.1,79.47
8.02,67.38,10.0,68.75,8.71,9.12,5.21,100.0
6.78,83.13,3.0,41.59,7.94,4.32,7.63,68.66
8.01,83.59,6.0,96.55,1.17,,3.52,94.69
2.21,98.03,5.0,59.15,5.1,4.58,4.69,58.71
5.82,68.55,2.0,55.36,6.56,4.38,,60.46
5.63,71.25,5.0,99.96,5.14,8.55,3.22,85.88
8.72,90.61,1.0,83.12,2.18,7.22,4.34,82.84
5.17,75.29,7.0,42.84,4.58,6.49,6.72,68.78
4.47,86.83,8.0,43.71,4.7,9.42,6.22,76.34
6.76,72.99,10.0,41.53,2.69,9.04,6.66,87.46
3.4,60.77,3.0,75.98,7.81,4.35,7.91,62.15
,87.26,3.0,44.29,3.89,7.7,3.59,61.59
5.3,56.56,6.0,96.0,6.3,8.63,6.23,79.32
4.75,59.93,7.0,96.21,5.64,7.3,5.22,75.55
3.09,81.34,10.0,72.76,8.9,9.9,5.67,84.63
4.31,87.36,0.0,77.0,2.1,8.12,6.18,58.51
4.3,94.73,2.0,57.51,2.03,4.62,6.25,61.24
3.95,63.63,2.0,43.84,3.7,5.19,7.2,46.71
4.42,55.54,2.0,84.25,4.88,8.96,3.45,61.56
7.17,97.8,5.0,46.11,3.69,9.98,5.57,88.27
3.67,57.72,9.0,45.13,7.87,4.59,2.96,66.08
,59.88,0.0,58.67,3.21,4.6,5.16,63.27
9.25,64.57,8.0,40.75,1.76,8.58,6.26,83.55
5.33,76.47,6.0,66.04,4.72,4.39,6.54,69.85
3.96,94.14,6.0,82.46,7.96,4.41,3.94,87.65
5.82,88.03,7.0,88.08,8.66,9.33,4.56,93.6
8.64,85.41,1.0,76.26,7.6,8.8,3.34,88.47
6.87,58.76,8.0,90.81,6.02,9.29,2.18,95.61
8.24,67.88,2.0,64.39,7.52,7.9,2.82,84.97
,73.92,5.0,90.93,7.13,5.94,7.38,86.11
6.7,57.37,7.0,70.39,3.11,9.44,3.16,80.83
3.59,63.67,6.0,53.38,5.96,5.79,7.82,63.53
7.61,65.42,3.0,96.65,7.94,5.65,2.69,92.84
2.82,56.36,4.0,56.5,3.85,,6.06,57.08
7.25,77.51,5.0,41.57,6.89,8.08,5.02,77.19
8.75,85.25,0.0,54.56,5.33,9.37,5.88,72.65
2.19,53.5,7.0,62.0,5.53,4.94,5.51,61.3
6.53,74.06,1.0,61.08,1.81,9.71,5.95,67.82
1.86,89.11,5.0,71.48,7.0,7.68,7.34,67.0
7.53,87.4,7.0,92.99,8.79,8.01,4.94,100.0
1.76,90.75,0.0,57.54,2.27,9.48,1.47,50.48
9.42,72.41,10.0,71.25,4.29,6.28,2.9,100.0
2.24,91.03,4.0,60.41,1.44,8.32,5.96,60.26
9.63,62.04,0.0,89.31,1.27,7.84,4.46,82.29
8.21,68.04,7.0,49.46,9.91,8.73,4.84,87.46
6.34,58.82,6.0,46.21,5.44,9.38,5.18,65.73
8.04,73.37,7.0,70.18,4.2,8.08,3.68,88.96
8.16,69.6,8.0,80.31,3.47,4.41,6.42,88.78
9.51,62.05,5.0,87.73,9.82,5.1,,98.36
3.28,87.59,9.0,75.38,3.27,9.72,6.0,79.28
6.31,65.69,4.0,86.43,7.53,9.81,6.01,75.93
1.86,63.64,5.0,63.56,3.55,9.8,7.23,51.61
6.55,56.54,1.0,41.97,1.63,4.22,5.17,61.27
2.54,71.94,6.0,46.97,7.15,6.29,7.77,55.43
6.08,65.15,2.0,42.32,1.01,8.56,1.83,67.04
6.15,68.46,7.0,59.74,7.08,8.52,,77.26
5.19,61.8,8.0,69.73,3.25,4.52,,71.37
5.7,88.16,9.0,61.38,7.71,7.66,4.34,91.79
7.88,96.5,10.0,73.64,7.93,4.86,3.02,99.97
8.19,74.9,1.0,68.84,7.52,6.96,4.85,87.62
5.43,82.15,1.0,80.68,1.22,5.44,,69.36
6.4,93.36,10.0,80.02,7.33,4.32,7.36,96.37
9.38,99.94,4.0,59.08,9.91,4.48,3.5,94.8
2.08,80.68,0.0,60.77,3.18,9.47,2.23,58.86
2.05,94.49,3.0,75.11,3.47,8.47,5.03,72.81
1.79,95.43,9.0,75.79,8.32,9.59,,84.13
6.92,89.57,3.0,58.88,2.44,6.82,1.67,84.33
4.77,73.05,0.0,59.82,6.95,6.48,4.95,60.65
7.97,54.06,7.0,81.64,7.8,6.15,4.76,92.63
,50.79,2.0,78.84,1.33,7.7,2.21,73.31
4.0,73.86,3.0,48.1,5.98,6.11,5.18,56.56
9.09,74.72,0.0,66.46,6.18,8.48,4.97,82.34
7.86,70.37,6.0,93.56,3.73,8.81,6.42,91.28
3.43,78.41,4.0,42.18,8.89,9.26,3.53,64.23
4.28,77.61,9.0,91.31,2.46,5.46,2.74,85.07
3.83,91.83,3.0,49.79,4.28,7.16,7.66,62.74
2.42,55.43,2.0,70.43,8.64,5.34,4.93,57.99
2.33,61.26,1.0,65.46,2.72,4.23,1.19,50.74
9.43,89.65,2.0,40.61,8.39,8.25,6.74,82.92
4.94,92.39,4.0,94.92,1.71,7.29,2.38,81.31
4.45,99.74,0.0,67.3,5.4,8.34,6.5,70.05
7.57,93.65,4.0,97.26,1.68,4.53,5.94,85.04
5.98,94.49,9.0,57.2,7.1,9.97,7.78,99.8
9.43,65.72,8.0,91.98,8.12,9.97,7.76,98.27
8.02,70.08,7.0,95.34,8.65,6.79,2.92,98.62
5.31,63.4,9.0,73.41,9.83,9.2,6.37,85.63
4.39,80.31,8.0,52.16,7.05,5.46,3.22,84.44
9.88,96.94,7.0,81.11,7.92,8.43,5.4,100.0
7.46,67.23,9.0,72.94,5.55,9.28,5.18,93.57
9.56,77.85,1.0,96.67,9.21,8.89,1.38,100.0
2.07,64.81,9.0,66.36,6.79,8.87,1.04,76.18
8.65,58.49,3.0,56.11,8.95,6.78,1.4,87.81
6.73,59.76,8.0,48.3,3.12,8.92,1.9,82.51
2.1,52.9,10.0,81.92,5.47,8.14,2.8,72.99
6.29,97.46,5.0,98.45,7.57,4.79,7.35,93.22
7.17,70.14,0.0,41.7,2.82,4.69,4.63,51.6
1.11,91.71,4.0,84.43,2.9,8.63,6.58,65.73
5.09,84.07,4.0,95.62,9.8,7.75,6.87,84.78
8.43,59.6,10.0,44.49,4.91,7.12,,82.38
3.66,58.77,10.0,46.61,2.64,9.44,3.74,61.41
5.13,90.6,6.0,81.52,3.98,7.96,7.05,83.77
,63.24,10.0,78.88,4.58,6.38,6.19,74.39
3.72,95.66,4.0,44.13,6.61,6.48,6.2,66.76
9.27,57.0,4.0,90.07,9.31,7.63,7.31,88.18
8.03,83.89,9.0,71.41,9.88,8.56,5.19,98.71
2.0,90.72,7.0,94.43,6.87,7.39,4.7,86.34
9.97,61.76,5.0,92.68,7.3,7.05,7.23,98.82
8.91,63.81,5.0,88.75,3.9,8.36,4.18,96.23
3.56,98.23,7.0,70.95,8.71,8.23,6.68,89.65
8.53,63.23,8.0,55.1,2.96,8.98,1.38,84.04
1.96,71.5,5.0,70.36,1.96,4.38,1.01,66.31
9.99,71.63,0.0,46.05,9.76,8.53,4.7,76.46
6.99,62.65,1.0,79.53,8.78,7.08,1.52,84.47
6.85,88.79,1.0,48.04,3.73,4.45,7.84,62.63
1.81,88.59,5.0,70.67,7.08,8.07,1.04,69.9
9.07,68.92,6.0,43.26,5.2,8.3,6.03,84.11
1.26,91.76,8.0,57.97,3.91,7.14,2.7,71.88
3.17,60.65,2.0,53.92,3.58,8.76,7.77,55.65
2.29,50.22,8.0,77.2,2.22,5.8,3.67,63.93
7.99,78.56,7.0,87.21,5.94,5.21,,97.77
2.78,99.7,0.0,43.44,5.02,6.1,1.19,60.37
9.2,51.93,3.0,91.02,5.61,6.46,4.87,87.74
6.91,60.4,3.0,91.65,2.94,8.18,7.91,78.89
1.33,75.95,9.0,60.54,9.45,9.07,7.86,72.02
1.05,90.5,10.0,79.54,6.75,8.33,3.36,84.43
1.46,54.45,9.0,64.16,9.1,5.04,4.38,59.63
6.45,69.76,5.0,49.25,1.98,6.2,1.7,69.87
8.21,87.35,5.0,71.72,6.61,4.95,4.66,84.22
3.15,68.58,3.0,45.18,8.65,8.12,5.2,61.74
8.64,59.44,8.0,92.71,3.98,5.49,2.76,100.0
1.52,59.77,0.0,95.46,2.76,7.15,5.28,52.5
8.21,70.5,2.0,89.3,3.39,8.75,7.3,83.35
9.35,73.97,1.0,73.75,3.46,8.03,1.01,88.74
7.95,93.09,5.0,73.46,5.02,5.79,2.6,83.02
7.28,82.11,3.0,99.08,3.93,6.0,2.47,87.2
8.54,84.52,2.0,54.87,3.44,7.92,1.87,82.31
1.36,99.15,4.0,44.56,6.84,7.3,2.16,51.57
2.82,70.59,9.0,73.72,1.48,4.58,5.38,63.5
2.12,70.17,6.0,59.73,4.06,9.24,1.72,69.92
5.54,96.17,9.0,59.34,7.21,7.08,6.17,91.53
7.71,62.29,10.0,40.43,2.58,6.84,7.21,77.66
,86.49,9.0,75.77,2.99,5.19,7.49,89.7
8.66,87.73,3.0,55.84,2.81,6.26,5.62,79.76
2.4,54.89,9.0,51.27,1.01,6.0,2.38,60.62
7.61,73.41,10.0,42.43,5.26,5.62,1.6,84.56
2.74,60.03,10.0,61.86,1.35,7.4,2.62,67.8
3.44,59.27,3.0,92.74,3.46,6.77,7.73,61.6
7.39,73.19,2.0,60.2,9.95,,7.74,85.03
9.82,64.47,6.0,80.74,9.27,9.65,3.67,100.0
6.5,89.8,10.0,85.39,2.94,5.32,3.28,100.0
1.49,95.38,9.0,59.69,3.79,4.6,,66.57
6.55,90.14,6.0,89.3,5.17,8.71,3.04,90.84
,63.3,1.0,81.51,8.6,9.97,7.86,65.03
8.96,63.71,4.0,73.55,8.22,9.18,,94.81
7.39,62.74,7.0,40.06,2.14,4.14,3.58,70.89
2.56,56.75,6.0,42.11,2.12,5.51,4.01,48.34
1.83,97.19,3.0,99.45,4.75,4.26,1.88,75.66
2.65,70.1,3.0,86.94,8.83,8.92,,69.63
9.82,61.23,0.0,96.25,8.94,7.49,,92.96
5.13,92.33,3.0,94.14,1.97,7.08,1.98,87.33
8.06,69.96,7.0,41.23,6.17,7.33,5.09,87.11
6.73,51.76,2.0,87.51,2.4,5.51,3.85,73.94
6.15,58.1,10.0,67.07,7.18,7.61,2.19,82.35
2.31,81.96,0.0,87.37,9.25,4.18,1.09,69.56
9.51,89.15,6.0,40.4,5.09,7.88,2.91,97.93
3.71,60.55,5.0,57.29,1.75,8.41,1.43,59.36
6.2,95.87,9.0,85.08,6.21,8.04,3.64,98.94
7.3,92.55,9.0,87.58,4.68,5.99,6.67,100.0
6.84,92.42,5.0,77.18,8.3,8.96,6.04,94.87
9.47,61.38,6.0,58.08,4.06,8.29,,92.85
2.34,52.53,7.0,58.62,8.87,4.77,3.99,60.31
5.58,93.37,5.0,98.01,3.46,5.17,5.95,81.34
4.64,65.29,2.0,66.35,2.42,7.82,5.66,66.37
5.27,80.95,4.0,66.83,3.76,5.74,2.52,68.79
2.07,88.0,2.0,73.14,1.31,4.72,,57.33
2.21,56.41,5.0,64.57,3.53,4.93,4.71,54.84
3.5,89.04,6.0,73.16,6.94,4.99,6.58,78.97
3.74,96.93,2.0,65.94,2.28,6.87,4.23,68.7
4.85,86.42,2.0,89.6,2.0,7.64,2.59,78.1
6.5,72.06,9.0,94.54,2.19,5.06,7.95,84.53
6.71,93.83,4.0,95.93,1.7,8.27,1.81,95.83
4.71,76.37,2.0,73.86,8.87,5.69,7.69,87.04
4.68,87.24,7.0,66.53,9.5,5.87,6.66,84.86
2.96,91.03,7.0,82.31,1.42,5.34,6.87,71.82
6.29,87.47,9.0,90.3,7.84,8.71,6.56,93.99
3.85,64.39,8.0,73.78,7.63,9.76,2.46,79.55
1.32,55.89,10.0,82.0,9.97,6.95,5.43,74.24
4.77,61.92,6.0,84.98,4.13,4.25,6.3,70.06
5.27,75.14,3.0,80.58,3.57,5.56,6.22,71.05
3.03,75.26,9.0,84.77,5.08,4.95,2.9,86.39
6.15,79.13,2.0,52.52,8.71,9.06,2.27,82.45
6.09,69.76,3.0,69.9,7.56,4.51,3.3,74.99
7.32,89.34,9.0,75.3,5.24,9.8,4.36,93.53
6.83,95.66,9.0,40.15,3.2,7.53,5.02,88.02
6.87,62.34,3.0,91.36,7.54,7.11,6.86,82.21
3.85,86.83,8.0,76.6,8.69,9.08,6.38,79.14
8.09,83.9,10.0,47.75,4.6,4.17,5.73,89.13
5.94,76.15,8.0,88.98,7.02,8.66,2.84,98.98
4.88,59.43,0.0,83.02,4.6,,4.35,53.42
6.63,89.76,7.0,85.5,5.31,9.04,3.35,92.44
4.25,98.03,1.0,63.52,5.72,7.18,2.64,70.99
5.61,86.09,9.0,91.25,7.98,4.37,1.07,100.0
,95.89,0.0,64.84,9.8,,3.38,85.22
8.98,99.21,10.0,74.23,5.0,4.16,2.79,100.0
9.29,67.6,1.0,40.04,4.08,4.83,5.0,71.38
5.53,81.91,4.0,78.69,4.36,8.79,1.44,80.77
5.68,73.7,2.0,83.09,2.21,6.79,2.89,75.45
8.2,99.33,8.0,74.03,3.67,9.29,1.31,97.41
3.83,54.69,4.0,69.79,1.78,7.81,5.49,54.58
8.54,70.62,8.0,88.6,4.85,7.74,4.98,100.0
5.45,93.78,0.0,80.88,2.51,5.75,3.36,73.28
2.04,64.2,4.0,56.68,4.12,,2.03,58.73
1.65,89.39,10.0,97.54,8.14,9.77,7.71,85.65
8.58,69.14,10.0,82.44,3.21,4.63,5.09,90.81
1.5,99.0,2.0,99.28,6.51,7.17,5.75,78.49
3.53,94.18,4.0,98.28,9.11,5.64,4.72,78.7
4.01,65.07,4.0,95.13,6.1,5.58,6.65,78.07
2.56,88.51,6.0,85.32,2.74,7.57,7.27,77.04
3.83,66.84,5.0,76.57,4.1,8.79,3.68,75.4
7.68,80.32,1.0,50.33,6.31,8.66,5.83,71.83
1.13,82.92,8.0,72.6,5.56,9.21,2.61,70.48
8.44,91.48,2.0,85.92,2.34,5.76,5.56,84.5
8.71,51.22,3.0,71.25,5.02,,3.79,73.99
4.35,61.01,9.0,92.09,5.89,4.06,1.05,80.34
2.38,85.6,7.0,46.58,3.41,8.48,7.69,64.46
6.41,78.18,4.0,62.86,6.51,5.81,7.08,78.01
2.08,74.78,10.0,70.36,1.63,7.37,3.04,67.03
4.28,52.76,4.0,65.94,4.03,5.02,7.98,60.83
9.63,67.41,6.0,46.52,8.24,8.92,3.22,92.45
9.96,93.26,2.0,49.21,3.33,8.9,4.21,91.22
7.95,51.54,2.0,90.26,6.45,9.26,6.96,84.17
3.8,69.82,5.0,69.06,4.69,4.28,3.13,71.67
7.19,97.26,6.0,42.92,3.85,9.95,4.15,85.32
7.35,52.54,8.0,40.99,9.25,5.49,5.66,80.98
4.49,87.49,4.0,68.41,4.09,5.86,1.91,68.81
,62.88,9.0,49.86,3.13,5.5,3.96,75.62
1.1,93.33,6.0,82.31,9.18,5.61,3.17,76.04
2.88,87.3,0.0,87.72,7.71,7.32,5.74,68.5
5.73,94.29,8.0,53.7,7.14,5.44,1.95,87.79
2.47,60.8,6.0,75.53,1.45,6.36,2.63,65.21
2.49,76.56,4.0,49.27,2.18,7.93,5.98,56.39
8.53,88.96,5.0,58.21,6.75,9.02,2.09,92.37
9.9,62.28,3.0,93.33,2.88,8.16,3.95,88.32
6.0,61.54,6.0,72.65,3.03,7.57,5.99,79.03
8.55,51.36,6.0,93.15,8.01,4.89,6.36,91.84
9.91,97.93,4.0,53.51,3.57,8.9,1.66,89.32
2.27,85.5,3.0,59.8,1.64,4.22,6.96,52.1
5.03,81.78,4.0,68.26,1.33,5.59,6.07,60.53
4.53,87.2,5.0,68.8,4.99,4.34,3.38,74.64
1.72,76.58,5.0,99.86,6.55,8.0,6.35,73.32
7.8,73.81,3.0,46.87,8.82,,6.1,74.2
4.9,72.48,6.0,91.12,2.0,7.91,5.21,85.11
5.22,82.02,2.0,91.82,2.77,6.08,4.91,70.18
2.36,60.08,5.0,73.19,5.77,6.73,6.14,65.12
2.63,94.4,1.0,60.64,4.28,6.75,7.99,66.35
9.16,90.59,5.0,71.15,5.34,4.27,5.05,95.59
1.4,67.48,8.0,57.55,9.32,6.58,6.66,65.09
3.1,78.93,8.0,87.95,5.9,7.85,6.21,75.99
3.63,57.05,7.0,69.9,4.74,7.28,6.99,61.72
5.41,98.62,8.0,95.55,9.9,4.45,7.68,94.76
6.28,95.14,0.0,77.36,1.59,8.01,2.35,73.45
5.44,96.09,3.0,70.86,9.39,5.85,2.16,81.65
1.76,66.61,7.0,82.66,5.51,4.09,5.1,65.11
3.19,58.46,8.0,70.24,5.53,4.93,4.15,68.62
8.59,60.59,6.0,94.27,9.3,6.99,5.0,99.69
6.74,54.5,9.0,51.07,5.57,5.86,6.59,70.46
6.84,56.01,3.0,98.4,4.95,8.17,7.52,77.41
7.03,53.57,1.0,88.73,3.45,5.44,3.92,71.69
7.87,99.49,0.0,91.64,6.93,,6.03,90.38
1.52,53.7,6.0,68.97,6.13,5.72,2.38,68.19
4.3,56.63,7.0,90.23,2.93,7.73,4.74,76.48
5.86,91.36,3.0,58.41,7.38,8.8,1.15,75.66
4.05,79.01,8.0,85.72,6.8,6.31,4.53,85.92
8.6,88.72,8.0,48.43,4.58,4.28,4.82,88.88
5.34,81.55,3.0,58.42,1.04,7.21,6.15,64.33
7.92,94.11,2.0,66.74,5.02,9.97,5.55,80.57
8.67,81.92,8.0,59.34,1.05,9.81,3.51,97.34
5.54,76.11,7.0,63.22,1.67,5.33,1.04,71.69
9.19,85.64,1.0,89.21,4.88,8.53,1.81,96.85
6.28,72.37,2.0,55.4,1.74,6.07,7.81,62.41
8.65,67.3,5.0,84.72,3.48,4.96,7.46,86.61
4.07,73.38,5.0,44.42,6.9,8.0,3.28,74.58
5.49,58.49,1.0,85.94,3.78,7.01,2.81,72.25
5.78,89.83,10.0,87.52,9.98,7.24,4.05,99.96
1.94,63.04,4.0,64.1,9.25,8.96,5.83,67.92
4.59,57.68,4.0,83.35,6.27,6.02,3.5,70.29
9.26,62.32,0.0,94.91,9.7,8.0,1.47,94.77
6.68,92.1,9.0,88.04,8.81,6.2,3.82,96.93
2.6,66.51,2.0,63.43,3.87,4.26,2.82,50.43
4.05,84.3,10.0,69.05,7.75,6.27,3.27,86.49
2.72,92.82,5.0,86.76,2.23,9.7,2.14,78.94
1.22,53.89,9.0,57.56,7.16,6.9,5.61,54.72
9.35,88.25,1.0,88.23,5.42,4.65,4.69,91.98
5.03,65.38,1.0,59.68,1.15,8.13,2.9,56.77
3.77,60.83,8.0,88.36,3.47,9.78,4.88,83.48
6.39,84.45,9.0,45.21,9.6,9.45,4.45,88.28
,95.49,5.0,42.66,3.84,7.43,6.57,50.95
3.5,64.75,0.0,99.86,2.63,6.26,7.69,61.34
7.33,78.44,10.0,92.17,2.69,7.48,1.91,95.67
6.7,64.49,4.0,92.97,5.31,8.9,7.19,88.39
9.84,77.71,10.0,97.08,8.58,9.17,5.93,100.0
6.58,81.09,9.0,66.3,7.82,8.91,5.85,91.53
5.3,80.52,9.0,57.21,4.93,6.73,3.62,83.48
7.85,81.18,7.0,47.8,2.88,4.71,,75.67
9.13,56.75,7.0,70.07,1.41,7.42,1.04,82.15
7.49,84.68,5.0,53.2,5.16,4.94,7.88,78.31
9.67,83.74,0.0,96.13,8.33,4.37,5.25,88.95
8.04,84.13,4.0,40.24,7.57,6.99,3.82,76.36
8.8,53.7,8.0,48.59,4.68,7.93,4.81,85.46
2.03,72.34,8.0,54.79,6.35,9.12,1.28,72.92
7.59,70.45,6.0,51.94,4.93,8.7,2.22,77.52
4.96,54.34,7.0,53.55,6.21,,5.36,68.53
5.98,61.12,0.0,79.36,5.66,8.56,4.6,67.21
6.89,72.05,5.0,59.65,7.13,8.22,6.51,86.86
9.73,87.15,5.0,76.9,5.57,4.06,5.61,97.38
,61.85,9.0,93.42,9.47,7.76,5.21,100.0
3.59,91.49,3.0,76.15,4.85,4.72,6.71,70.71
7.6,77.29,2.0,81.67,1.14,4.35,1.48,72.72
7.75,88.02,3.0,61.93,3.13,4.94,5.84,73.95
4.12,73.63,1.0,49.58,5.51,8.94,6.01,59.76
2.11,74.96,6.0,59.24,5.87,8.46,2.93,68.84
1.37,80.99,7.0,97.86,5.97,9.69,2.37,80.6
8.0,96.4,8.0,77.31,7.43,9.87,2.5,100.0
5.41,74.59,10.0,56.65,3.47,9.36,2.39,83.56
9.87,76.43,0.0,67.05,6.98,4.8,4.67,82.08
5.18,80.1,2.0,90.13,7.34,9.27,1.95,83.21
9.8,86.88,3.0,80.11,4.7,9.03,5.62,93.03
4.7,53.59,2.0,73.64,4.62,9.23,1.74,68.94
8.14,75.78,9.0,93.11,2.61,4.91,1.19,99.82
1.76,74.08,1.0,80.35,4.73,4.7,3.24,58.7
6.0,96.08,0.0,78.56,8.08,9.54,2.34,80.28
8.22,74.68,9.0,51.39,9.18,5.04,7.92,84.27
9.32,73.42,10.0,46.38,6.34,6.21,3.12,95.2
8.4,98.11,2.0,97.91,3.69,6.74,2.55,100.0
1.33,72.53,3.0,75.93,7.14,4.75,2.38,62.52
4.35,59.04,5.0,64.94,7.66,4.12,3.62,66.85
1.44,60.85,5.0,75.34,3.99,9.96,5.24,62.31
,54.76,10.0,43.71,8.44,9.26,6.47,60.48
7.08,50.03,4.0,89.33,1.66,9.47,3.55,84.19
7.42,71.6,0.0,53.0,1.1,5.71,5.38,62.66
7.96,88.46,4.0,88.27,2.11,5.32,4.37,84.81
8.79,86.67,6.0,72.06,2.4,6.56,6.93,87.43
7.65,51.61,5.0,56.59,8.91,6.72,4.98,76.32
8.21,78.5,5.0,41.81,4.82,4.03,3.03,82.14
1.44,57.71,10.0,88.95,3.47,8.68,5.93,70.58
3.11,97.05,8.0,50.59,4.86,9.98,6.74,74.77
6.6,58.37,2.0,43.11,4.55,,4.26,65.02
8.72,81.33,3.0,85.35,3.71,6.33,7.91,82.73
1.04,66.31,7.0,61.0,2.24,6.36,7.15,54.58
5.63,82.08,4.0,63.36,6.9,4.58,2.38,78.04
7.1,70.61,4.0,54.82,2.23,5.6,6.51,62.43
1.27,87.98,1.0,91.55,7.98,7.01,5.21,68.42
4.61,61.53,2.0,57.84,2.82,6.59,4.74,57.81
9.06,95.29,8.0,52.61,7.58,7.27,,98.2
7.04,75.01,9.0,58.55,8.25,9.09,6.97,89.82
3.14,87.8,8.0,52.19,2.13,5.35,5.28,67.18
8.68,92.49,3.0,59.06,1.78,4.17,4.76,84.03
4.13,99.94,1.0,44.98,9.55,4.23,1.34,64.21
8.68,61.2,1.0,49.51,5.17,4.81,4.14,68.18
3.69,64.34,4.0,65.02,6.67,7.42,7.36,67.18
6.31,62.52,5.0,92.77,1.21,8.85,5.98,81.11
,63.14,9.0,43.44,3.51,9.32,1.36,74.37
3.47,79.12,9.0,52.76,5.55,7.81,7.19,82.92
8.98,99.68,0.0,94.5,8.98,6.42,6.79,98.27
2.69,99.51,7.0,93.4,3.44,4.93,4.83,84.14
,76.34,3.0,80.77,7.98,6.41,1.16,68.07
4.08,81.95,2.0,54.43,6.96,5.99,4.94,60.51
7.46,93.0,6.0,65.19,2.04,9.22,1.38,88.09
8.27,96.65,0.0,52.67,3.64,6.92,3.24,79.75
9.99,60.19,3.0,47.72,3.14,5.36,5.4,75.62
3.67,76.43,6.0,62.8,4.98,5.73,7.39,68.42
4.67,91.64,2.0,74.55,6.72,4.82,3.5,73.96
2.23,65.16,6.0,61.6,4.9,9.51,7.02,60.71
6.17,71.99,5.0,76.65,3.2,4.3,7.43,72.65
9.98,99.28,8.0,57.78,7.26,4.08,1.15,100.0
7.31,99.25,1.0,60.75,6.26,5.1,2.68,83.74
6.36,95.31,0.0,87.44,5.67,8.87,5.97,78.29
4.53,89.92,5.0,92.7,5.99,7.14,6.3,86.78
9.24,63.46,2.0,59.32,3.0,,3.75,74.57
5.47,66.04,7.0,74.29,7.12,6.15,5.6,82.03
2.21,77.36,1.0,56.69,4.49,4.41,5.29,50.24
4.29,78.04,6.0,43.2,4.27,9.14,6.18,72.95
1.6,75.28,10.0,84.27,2.35,5.15,6.03,68.67
2.82,81.83,1.0,50.26,6.37,4.2,1.6,58.06
1.16,70.42,3.0,65.54,6.42,7.44,2.11,61.86
5.08,87.46,9.0,69.22,4.06,4.5,1.93,80.5
6.71,66.68,5.0,51.07,8.74,4.57,7.53,72.77
4.09,66.53,1.0,45.67,8.61,,7.39,57.72
4.78,56.36,2.0,60.88,1.98,6.95,6.58,54.01
9.63,59.44,8.0,97.14,7.26,5.45,,100.0
7.77,92.53,9.0,76.91,4.54,6.09,5.02,100.0
5.87,72.31,3.0,62.88,10.0,8.38,2.31,78.17
3.56,61.39,5.0,42.33,3.03,4.4,3.58,56.5
9.07,87.97,8.0,76.02,3.52,4.7,2.87,98.37
,77.7,1.0,45.54,4.98,7.7,6.8,47.66
3.93,51.06,2.0,72.55,3.42,7.64,2.01,63.33
9.18,65.82,8.0,85.12,7.23,9.83,5.52,95.98
5.77,58.85,2.0,65.42,5.33,6.25,7.89,66.34
7.68,82.79,8.0,57.96,2.99,4.39,5.81,80.23
,63.75,5.0,42.84,5.56,,1.55,71.86
6.88,53.25,10.0,41.49,9.0,7.83,7.35,74.63
3.69,52.75,0.0,65.8,8.13,4.84,5.5,56.06
3.17,79.09,10.0,93.0,5.49,7.32,4.19,90.3
3.9,51.09,2.0,54.64,3.6,5.19,5.62,47.68
2.4,92.44,0.0,74.44,2.62,9.07,7.15,56.99
8.87,57.77,7.0,81.06,8.91,9.01,4.34,99.54
3.55,80.33,5.0,43.65,7.39,6.58,4.72,67.53
6.05,72.23,9.0,49.19,6.15,9.8,4.17,73.33
8.13,72.14,1.0,59.88,8.91,9.88,1.51,92.69
8.05,53.59,0.0,80.21,2.1,4.78,6.51,69.37
4.95,90.14,6.0,66.34,7.14,6.21,1.88,85.98
5.29,94.65,9.0,84.05,2.95,7.6,3.76,90.38
9.95,50.55,4.0,92.06,2.09,4.51,3.71,78.46
7.07,58.93,8.0,85.5,5.19,6.3,2.96,91.76
8.33,95.2,9.0,99.53,4.49,5.57,3.82,100.0
9.12,77.47,9.0,85.26,9.47,9.71,5.33,100.0
,57.5,5.0,91.13,3.92,6.47,3.18,86.13
2.67,60.14,7.0,89.94,8.33,8.58,2.21,80.86
6.06,83.0,5.0,83.82,7.74,6.32,7.09,82.31
1.92,86.24,7.0,88.11,7.01,4.79,7.8,77.25
6.88,79.97,6.0,96.08,9.28,9.18,4.21,94.96
9.6,97.66,5.0,68.51,4.67,4.0,3.29,100.0
5.61,74.7,4.0,78.3,4.51,4.34,1.33,86.21
4.9,65.01,7.0,70.9,2.45,6.19,1.26,81.29
1.32,73.86,8.0,91.06,3.48,8.12,3.75,78.4
9.64,67.98,10.0,65.88,8.92,6.05,7.51,98.29
1.93,61.22,6.0,89.18,5.27,4.4,6.11,69.66
1.37,52.3,1.0,87.96,4.07,5.91,3.44,53.12
3.21,67.61,6.0,97.71,2.95,5.47,7.78,64.29
1.59,85.57,3.0,54.94,5.36,4.03,4.0,61.72
5.1,50.92,0.0,82.58,7.45,7.21,,72.93
5.64,71.96,0.0,85.42,3.58,4.7,3.98,68.58
3.81,82.2,6.0,96.18,7.82,5.72,2.48,81.2
,80.52,10.0,94.41,6.67,7.85,7.2,78.52
2.0,88.83,5.0,74.41,8.09,8.35,3.53,67.66
4.46,90.53,4.0,74.75,3.26,5.58,5.61,76.1
1.54,85.59,0.0,50.04,6.68,5.98,3.72,45.82
7.28,55.14,7.0,98.5,2.38,5.48,7.31,84.52
2.86,73.75,0.0,55.3,4.27,9.74,5.5,51.17
3.72,80.17,9.0,83.48,7.52,5.14,4.42,78.71
4.55,62.28,8.0,87.75,6.69,5.1,,84.23
,52.13,10.0,66.47,2.69,6.67,7.31,69.64
1.01,61.18,3.0,52.67,8.73,5.14,4.83,54.63
2.01,72.74,1.0,51.34,1.48,4.94,3.0,41.17
8.76,70.7,3.0,91.39,6.36,4.58,7.15,84.17
1.01,58.83,8.0,70.65,9.85,7.84,1.38,62.07
5.57,91.22,2.0,45.41,5.78,7.67,3.2,62.08
5.41,96.28,9.0,83.02,8.21,7.9,4.76,100.0
4.0,60.07,1.0,55.01,6.36,8.64,3.38,68.35
4.88,96.48,0.0,92.58,8.05,5.96,4.34,80.9
8.03,50.89,2.0,58.57,6.9,9.51,2.85,73.25
8.57,96.25,8.0,52.02,7.22,8.4,1.91,97.57
3.34,97.6,6.0,45.09,3.05,8.83,1.26,74.52
3.9,50.6,3.0,70.69,7.68,8.33,2.1,65.88
3.18,88.15,7.0,67.04,3.14,6.15,7.67,70.01
5.32,98.51,7.0,85.08,9.83,5.7,5.03,94.21
7.15,95.3,6.0,67.88,3.05,6.54,4.42,83.74
3.05,98.54,5.0,60.63,3.13,4.58,3.69,65.34
3.98,77.52,1.0,55.7,8.73,6.71,5.96,64.72
9.37,53.91,2.0,56.69,3.19,4.26,1.99,69.05
1.44,92.49,5.0,95.67,4.25,4.02,2.93,74.03
5.15,80.69,1.0,49.9,7.43,9.59,5.59,66.15
7.4,80.74,5.0,99.29,2.43,8.14,4.35,92.15
2.35,70.86,1.0,59.62,2.43,7.37,6.39,55.61
1.43,78.59,8.0,45.3,5.38,6.05,7.28,58.03
2.24,57.68,1.0,54.92,3.19,7.42,6.76,49.33
9.27,86.99,1.0,43.5,3.12,9.35,,72.2
1.08,53.75,7.0,87.4,1.08,7.91,1.64,61.28
2.69,86.49,2.0,70.75,4.33,7.61,2.19,66.3
1.28,92.45,3.0,60.22,3.86,6.76,6.48,64.29
2.0,73.62,3.0,79.72,1.28,6.07,7.4,47.95
6.58,75.49,2.0,77.84,6.59,8.19,7.48,77.77
,65.61,8.0,96.39,6.64,9.89,3.09,91.05
,98.47,7.0,97.68,1.64,6.55,6.88,87.16
6.31,86.66,2.0,80.84,3.85,6.35,4.75,77.3
8.64,68.45,7.0,89.07,8.86,6.57,6.76,99.15
,58.74,7.0,87.55,6.24,6.55,4.84,67.45
8.68,60.98,5.0,69.48,4.71,9.94,2.02,94.71
6.57,73.2,6.0,82.27,5.19,8.24,1.55,90.97
2.46,97.13,10.0,44.7,2.87,6.16,7.7,72.46
,86.71,4.0,85.48,8.31,6.23,3.98,93.32
8.7,60.76,4.0,97.71,9.23,,3.45,93.42
3.29,92.98,5.0,45.1,9.2,4.22,3.49,68.42
9.27,68.91,9.0,90.17,3.02,7.17,3.65,95.43
5.09,92.59,7.0,95.98,3.8,8.87,7.61,90.74
6.43,62.08,0.0,53.57,2.45,7.96,1.44,61.51
9.86,80.93,5.0,71.49,3.76,5.19,1.83,90.23
4.25,96.33,8.0,95.67,4.0,8.37,6.53,91.17
8.32,62.89,2.0,97.61,6.7,8.32,4.85,84.79
3.87,84.65,10.0,47.67,2.71,5.58,1.9,76.82
8.19,99.37,8.0,60.94,9.27,7.74,1.24,100.0
6.41,57.53,9.0,81.89,1.93,7.67,2.57,89.37
2.95,54.42,0.0,53.29,1.06,9.04,2.83,45.49
4.73,83.71,6.0,59.49,8.69,4.82,1.1,82.53
3.86,66.99,5.0,41.4,7.33,5.17,2.51,63.83
1.7,53.56,6.0,49.21,4.2,6.92,6.17,54.22
,73.77,9.0,73.74,6.36,4.26,6.99,67.52
,87.69,3.0,79.19,3.01,6.49,7.29,62.47
1.17,64.26,5.0,78.93,2.52,8.73,3.73,64.77
2.49,66.75,7.0,86.7,5.24,4.89,3.24,71.76
7.53,92.28,8.0,64.92,4.18,6.76,8.0,91.15
7.37,76.0,8.0,56.41,6.54,9.94,6.39,90.57
7.65,92.14,3.0,40.93,2.96,7.04,4.76,70.47
3.85,72.32,10.0,52.4,6.97,6.99,2.78,74.05
9.01,97.65,0.0,58.74,7.9,7.35,3.25,89.69
,82.54,5.0,50.69,2.5,5.12,4.61,69.75
2.13,55.79,6.0,41.21,1.39,,,50.56
2.29,94.25,0.0,49.45,4.96,8.06,1.1,58.04
7.24,74.46,4.0,79.97,7.97,6.37,7.72,88.36
2.56,57.08,6.0,77.78,6.86,5.74,5.03,68.41
5.57,57.63,6.0,96.14,7.32,4.19,5.12,83.13
9.93,84.38,1.0,87.89,4.63,9.08,2.48,94.24
1.04,52.37,3.0,74.07,3.11,4.19,6.35,47.7
1.15,64.33,2.0,48.25,5.79,8.5,6.16,52.62
9.94,56.99,7.0,73.84,2.84,6.29,1.67,91.3
,72.05,3.0,43.7,7.54,7.59,5.16,72.31
2.14,70.72,6.0,65.85,2.77,5.49,5.61,59.7
9.08,76.09,8.0,63.42,3.62,4.93,6.85,88.02
8.92,63.98,8.0,65.67,5.56,7.2,2.44,99.42
5.83,51.6,2.0,56.79,5.38,8.17,7.14,66.83
6.6,80.72,9.0,81.15,6.41,5.17,4.23,93.09
3.46,68.69,1.0,90.46,4.94,6.62,1.68,69.61
1.45,82.57,0.0,86.11,9.28,6.67,1.74,64.5
6.35,55.43,0.0,77.67,8.56,5.3,2.38,71.82
3.65,50.69,2.0,72.3,8.91,7.39,2.98,66.95
6.97,62.41,9.0,41.87,6.67,4.88,4.47,80.98
8.53,72.83,2.0,83.38,6.72,7.06,6.24,89.08
1.16,69.7,7.0,72.7,6.48,4.68,2.31,61.62
6.36,90.52,4.0,56.24,4.91,6.91,7.95,78.63
,68.89,0.0,59.67,3.9,5.87,2.13,53.81
8.86,76.52,4.0,96.14,6.33,6.71,5.2,91.73
3.28,79.68,0.0,77.46,1.23,6.6,7.5,61.41
6.5,51.09,5.0,68.55,1.07,9.45,6.83,75.25
5.98,75.76,6.0,77.26,8.66,6.94,,87.12
4.57,67.24,5.0,64.82,1.42,8.91,6.01,68.99
7.1,71.06,3.0,68.21,5.72,5.35,1.94,81.68
7.53,55.01,8.0,57.42,6.53,6.11,1.07,89.81
6.1,89.14,6.0,66.39,2.78,4.45,,81.39
7.83,97.12,2.0,81.14,9.06,6.52,1.63,89.74
9.85,51.11,4.0,42.4,2.71,8.01,3.5,82.87
4.77,80.07,1.0,87.7,8.96,9.03,2.57,85.92
5.63,88.19,10.0,56.98,7.87,7.4,7.41,84.98
1.11,64.24,8.0,80.95,3.17,7.84,7.16,59.65
8.16,89.38,3.0,78.56,2.36,5.06,6.73,83.91
5.68,81.62,7.0,79.16,3.85,4.22,6.0,79.14
4.67,96.46,7.0,76.49,4.58,8.75,2.08,89.04
,99.05,6.0,97.55,3.21,5.0,1.34,81.55
9.01,52.12,0.0,70.5,9.99,4.55,5.58,75.06
4.56,72.25,9.0,83.94,3.07,9.63,,78.87
7.14,77.35,10.0,82.33,8.48,9.78,3.59,100.0
,57.34,10.0,54.18,2.43,7.7,4.31,61.06
9.65,66.81,10.0,57.0,9.82,6.27,4.42,100.0
2.61,99.38,10.0,65.44,3.03,9.0,2.68,75.82
2.8,50.81,8.0,56.66,4.8,5.23,3.2,60.78
8.73,72.63,0.0,62.0,6.03,6.58,3.93,80.18
9.21,92.13,5.0,63.46,2.08,6.14,5.22,89.59
2.91,66.2,2.0,76.23,8.35,9.48,7.69,62.45
5.23,73.99,2.0,53.19,3.47,9.52,4.77,60.6
7.6,98.9,9.0,88.26,5.94,7.91,6.12,100.0
8.91,73.74,8.0,66.25,5.95,4.66,6.65,92.14
4.41,56.55,5.0,82.37,6.42,6.89,,77.39
5.65,52.59,8.0,44.89,1.5,5.47,5.57,61.02
7.68,97.27,1.0,68.2,2.52,9.31,4.37,82.53
7.58,63.29,2.0,41.69,2.45,4.83,5.01,67.75
8.05,75.2,9.0,80.55,3.72,4.33,1.27,95.49
6.13,54.54,4.0,60.62,2.3,8.23,7.34,58.24
1.94,71.18,6.0,96.96,9.3,6.72,7.67,76.36
9.14,96.51,5.0,59.45,5.62,9.03,1.02,100.0
,75.12,2.0,73.83,6.61,4.45,2.49,80.09
8.18,98.56,9.0,55.44,4.22,8.81,2.26,97.41
1.9,62.94,8.0,77.21,3.49,4.22,6.47,61.85
2.84,75.23,7.0,68.02,5.53,4.17,5.19,68.37
,92.98,3.0,62.24,3.65,6.77,2.24,83.69
1.21,72.41,7.0,52.22,4.09,5.33,6.7,59.51
9.81,63.97,10.0,46.69,5.07,,3.47,92.8
4.39,92.77,7.0,47.19,5.55,4.15,4.23,77.46
7.47,69.49,5.0,99.94,9.86,4.21,3.71,94.7
8.99,76.54,2.0,64.74,3.01,8.36,,79.63
4.55,98.83,5.0,40.12,5.39,5.26,4.36,66.71
3.87,59.32,4.0,97.18,2.35,7.94,2.92,65.09
6.48,65.07,6.0,41.2,4.15,8.5,3.97,72.66
6.23,51.55,0.0,65.12,7.46,4.36,7.36,69.42
4.68,69.59,2.0,83.05,2.57,8.62,4.52,71.36
6.42,60.01,8.0,94.88,6.23,5.61,7.41,89.66
9.42,84.0,4.0,82.77,4.75,6.34,4.85,91.87
5.21,59.07,4.0,67.82,1.46,4.52,6.38,60.28
2.77,83.74,5.0,98.47,9.4,9.03,3.06,90.07
4.39,63.17,4.0,42.36,4.72,7.36,6.53,66.19
4.55,67.76,8.0,99.21,8.06,7.03,2.85,96.68
2.18,67.44,2.0,90.96,4.75,9.81,1.14,72.22
2.47,85.84,8.0,95.74,9.44,6.01,2.13,88.38
7.16,73.33,2.0,55.29,3.61,9.34,1.15,76.25
4.06,68.06,4.0,48.55,4.71,8.32,7.63,56.99
9.59,92.63,6.0,79.8,7.83,9.57,8.0,97.29
3.19,78.6,9.0,70.95,4.09,9.45,6.34,72.15
1.89,60.69,2.0,71.39,4.28,9.95,1.76,59.69
7.78,95.0,6.0,95.48,9.95,4.79,7.29,99.68
8.93,67.13,0.0,77.2,6.0,8.78,6.21,75.45
3.5,51.95,0.0,58.66,7.2,8.83,3.33,56.63
2.82,74.73,8.0,64.0,6.79,7.87,4.52,72.49
2.67,56.2,7.0,48.01,8.45,5.67,5.63,56.45
5.7,61.92,4.0,51.54,8.76,9.79,1.17,74.99
5.22,87.36,6.0,48.6,6.07,5.23,4.51,72.57
,56.54,4.0,88.62,3.65,7.0,6.13,62.9
1.41,90.35,3.0,82.29,1.21,7.13,2.32,67.31
5.33,96.85,4.0,71.82,6.53,4.97,4.11,73.04
9.63,80.33,3.0,62.46,8.43,8.34,4.73,83.83
,85.52,8.0,80.11,5.05,4.53,6.15,89.11
5.46,85.68,4.0,88.77,2.48,8.16,7.75,78.87
2.0,99.64,3.0,92.87,3.59,9.09,6.94,73.72
3.27,67.08,5.0,72.82,5.59,6.1,5.35,64.83
3.65,58.14,8.0,89.19,8.53,8.26,5.09,78.41
7.88,75.96,3.0,70.68,2.55,4.94,5.22,76.48
8.89,76.66,10.0,68.47,6.51,9.08,4.82,99.18
9.11,58.9,5.0,91.93,7.78,9.71,1.42,100.0
9.86,80.66,7.0,63.18,9.42,4.92,5.89,95.96
9.84,50.71,10.0,63.75,2.05,8.15,6.01,89.02
9.58,96.38,4.0,58.29,9.34,7.03,4.59,100.0
1.65,63.23,2.0,71.12,6.41,7.19,7.09,54.22
2.24,51.98,8.0,72.69,7.9,8.24,5.71,71.6
3.74,55.41,0.0,79.63,1.48,6.93,3.54,58.61
5.98,62.01,5.0,65.83,5.56,7.6,1.14,80.69
1.87,63.7,10.0,53.07,6.6,5.39,1.41,69.2
8.61,51.64,4.0,92.01,3.76,,3.46,86.02
6.55,63.97,7.0,60.76,4.88,9.19,4.23,80.9
,59.65,5.0,95.38,5.99,4.66,2.17,80.45
2.49,68.93,2.0,52.44,5.97,7.59,2.33,58.71
3.28,69.26,3.0,73.6,1.38,,2.61,68.55
2.44,66.95,5.0,72.2,4.96,9.08,6.46,69.74
8.67,66.4,1.0,89.72,2.92,7.47,6.4,81.98
,54.49,4.0,48.33,9.25,6.42,3.68,74.58
7.62,51.26,4.0,94.6,9.79,5.5,2.21,86.5
3.66,60.11,9.0,71.89,3.7,6.62,1.78,73.55
4.34,87.83,1.0,75.17,2.58,9.75,1.61,75.87
4.64,99.54,9.0,70.61,2.98,7.06,3.74,91.4
7.84,96.43,4.0,42.16,5.3,,1.32,79.75
7.95,75.21,7.0,69.83,8.87,8.48,3.34,93.85
2.86,76.59,6.0,55.81,5.5,6.27,7.73,71.49
9.47,65.73,3.0,60.56,1.5,6.56,4.55,77.61
2.09,88.7,10.0,78.95,1.36,6.02,6.76,80.1
9.07,88.24,2.0,69.86,3.05,4.91,1.9,85.72
1.9,92.21,0.0,45.59,8.58,8.28,2.88,59.83
3.38,94.78,8.0,44.38,6.59,9.24,7.63,72.15
8.62,71.72,6.0,51.14,6.07,9.43,3.68,90.83
,88.34,9.0,51.45,3.87,9.28,5.54,76.88
,90.32,5.0,76.5,9.36,6.71,7.83,77.93
5.05,65.42,0.0,50.67,3.98,,4.86,53.84
3.21,96.46,0.0,92.9,8.51,7.83,3.14,81.62
7.39,54.72,4.0,52.59,9.06,9.73,4.72,77.86
8.66,99.71,2.0,45.47,5.35,8.36,1.38,83.35
8.87,88.5,10.0,92.54,9.05,6.97,1.79,100.0
4.05,54.66,1.0,57.72,3.49,8.13,1.05,62.05
5.78,82.81,9.0,65.53,6.93,8.64,7.19,85.31
3.24,51.71,2.0,97.54,1.79,9.52,,64.12
3.2,88.51,1.0,96.66,5.27,8.58,3.09,70.87
2.45,89.96,3.0,82.9,2.96,6.6,2.55,65.2
9.46,80.12,1.0,44.14,1.56,5.64,5.78,71.01
8.99,92.84,4.0,75.6,1.03,7.0,7.44,86.28
8.0,54.89,3.0,99.34,3.92,5.97,3.09,80.65
5.66,63.8,5.0,96.81,6.31,9.66,3.25,84.59
5.42,70.71,5.0,46.36,5.1,7.05,6.98,62.15
,52.12,0.0,63.76,3.72,,7.25,58.97
5.83,72.41,1.0,58.93,9.92,6.09,7.4,61.58
4.91,63.26,1.0,47.78,9.46,7.84,3.05,61.05
2.19,69.64,2.0,81.69,2.13,7.12,1.84,53.21
2.13,71.26,1.0,56.43,4.74,4.77,4.08,52.39
9.57,93.97,3.0,60.69,6.84,9.22,3.07,87.43
5.34,63.52,6.0,45.42,7.6,6.15,7.19,68.03
9.58,94.69,3.0,69.88,4.3,6.6,1.26,100.0
2.47,71.3,3.0,49.49,7.72,5.23,5.44,63.04
5.99,66.39,5.0,65.93,2.12,7.32,7.34,62.37
2.87,75.13,6.0,48.6,3.99,8.21,7.84,61.3
3.28,70.89,3.0,97.23,7.45,9.29,5.55,72.67
1.27,62.87,2.0,48.7,6.63,4.31,7.65,39.32
2.07,75.13,4.0,71.31,8.53,9.84,1.53,72.04
9.25,57.59,0.0,51.82,1.42,8.22,3.51,73.53
3.89,67.6,5.0,44.58,2.57,,1.06,62.67
6.47,78.29,10.0,52.14,1.44,5.23,7.87,73.14
5.19,70.67,4.0,43.29,2.73,5.78,7.32,61.44
4.6,91.2,1.0,48.36,1.04,9.25,1.2,54.87
5.79,62.84,7.0,69.61,5.54,5.75,1.13,77.35
2.69,98.49,1.0,79.11,5.75,6.78,3.57,66.41
9.9,89.24,2.0,45.24,6.92,8.23,2.81,87.9
,98.38,1.0,66.46,4.46,9.23,6.93,82.92
7.67,91.91,9.0,74.87,1.03,7.95,2.12,94.63
5.22,57.11,10.0,54.05,7.07,8.52,6.53,76.98
2.38,76.32,6.0,62.32,1.49,5.04,4.88,59.4
9.29,58.5,6.0,44.31,8.8,9.26,3.64,89.36
4.07,90.91,7.0,53.21,1.2,5.65,2.02,71.06
1.45,79.21,6.0,68.01,5.77,4.77,7.98,59.78
4.08,63.17,5.0,99.43,9.05,9.86,5.33,85.99
8.15,96.48,10.0,99.78,6.15,5.21,4.08,100.0
,55.76,8.0,98.78,6.48,4.82,3.6,88.09
7.76,78.19,0.0,65.39,7.13,7.76,7.34,75.75
8.14,86.05,4.0,44.84,2.1,5.91,6.75,77.76
2.91,52.94,10.0,59.41,7.07,4.8,6.68,62.29
9.31,79.89,4.0,54.26,8.92,7.61,5.31,96.57
4.94,90.8,2.0,40.85,9.77,8.55,,64.14
6.75,53.38,9.0,45.71,4.99,8.76,3.09,76.9
1.02,75.61,6.0,67.19,4.1,4.93,5.93,54.25
9.94,62.93,6.0,60.38,7.78,7.34,3.83,100.0
3.53,83.15,4.0,50.82,5.89,8.88,5.2,64.46
1.56,55.93,1.0,82.97,3.32,4.97,7.99,46.18
5.12,96.85,4.0,61.43,2.55,5.25,,67.76
2.16,94.74,4.0,91.11,2.53,4.01,4.59,69.15
2.37,59.3,10.0,54.46,5.13,7.15,,64.73
6.69,66.16,3.0,72.3,2.53,5.17,7.28,68.38
4.54,79.38,1.0,51.05,1.18,8.35,7.9,41.32
9.3,85.9,4.0,69.72,1.47,9.77,6.45,87.76
3.87,72.13,10.0,49.15,9.37,5.25,1.46,79.21
7.54,57.81,5.0,49.69,1.66,7.89,3.26,75.38
5.15,55.21,4.0,76.73,1.66,5.27,7.28,68.2
6.94,99.99,7.0,55.83,5.06,4.11,6.38,82.55
6.4,72.77,7.0,50.34,3.21,8.55,6.2,78.14
5.26,93.63,3.0,95.79,9.66,6.6,5.68,84.53
9.55,74.12,10.0,42.58,9.2,9.68,3.91,100.0
4.08,96.12,6.0,73.91,4.64,7.21,3.82,78.01
2.6,54.39,0.0,72.9,5.04,4.94,,44.98
7.1,55.7,4.0,55.04,4.38,6.7,3.06,70.59
8.61,96.48,10.0,67.17,1.34,5.22,5.79,99.69
,97.37,4.0,45.26,3.64,9.27,6.08,58.45
5.05,65.74,6.0,83.28,2.1,8.15,6.91,80.19
9.03,67.76,6.0,53.3,1.92,6.05,3.24,77.51
7.75,72.62,7.0,51.6,6.05,7.17,6.19,86.29
9.93,70.81,9.0,58.89,1.89,8.02,1.75,91.79
5.78,59.5,1.0,94.14,1.93,8.7,1.97,74.63
6.94,94.92,5.0,87.79,5.32,4.48,3.92,91.51
3.72,62.67,5.0,96.81,4.98,4.14,1.39,77.97
9.53,85.26,1.0,79.12,2.24,4.69,7.63,82.0
4.3,53.36,7.0,79.78,1.04,6.37,7.31,63.09
,51.94,1.0,68.8,2.74,6.8,1.34,74.04
,82.69,5.0,94.31,3.12,4.82,6.87,83.68
6.06,66.95,3.0,70.65,8.2,6.47,4.56,74.21
7.48,82.77,1.0,61.3,9.24,6.65,5.91,72.06
5.58,54.7,9.0,78.42,4.65,4.65,7.21,78.94
9.16,97.49,2.0,72.77,4.65,9.5,5.04,90.65
,87.43,2.0,47.44,7.41,7.59,1.81,70.15
6.82,93.81,9.0,63.56,6.64,6.33,1.02,97.68
4.08,56.82,9.0,58.8,2.66,7.04,4.48,66.45
4.67,66.01,0.0,90.81,1.97,5.89,7.64,60.57
4.96,68.42,3.0,62.73,4.94,9.13,5.01,68.42
2.13,76.86,7.0,89.29,6.08,7.45,3.61,83.06
1.83,64.84,8.0,66.54,2.25,6.97,1.22,65.08
7.01,53.03,10.0,85.21,3.64,9.47,7.4,83.37
6.9,68.44,6.0,48.12,3.75,9.03,3.29,71.71
6.97,62.73,0.0,95.48,3.35,8.88,5.93,76.53
1.18,69.3,9.0,68.83,5.15,5.35,5.86,60.09
3.94,59.85,1.0,55.59,6.88,4.92,2.78,51.43
2.78,63.09,1.0,54.49,5.58,,1.45,59.06
8.0,81.35,7.0,55.9,2.81,6.81,3.7,87.01
8.75,69.41,6.0,62.0,1.93,8.1,3.22,82.92
3.22,67.27,0.0,83.05,8.4,8.56,5.9,67.24
7.01,76.7,1.0,96.98,5.31,5.77,6.74,81.54
2.16,88.59,6.0,80.14,1.56,5.71,,71.94
3.48,68.94,2.0,72.83,3.32,6.94,4.7,63.75
2.25,79.38,7.0,66.92,8.24,5.64,1.28,63.9
3.55,98.31,4.0,89.69,7.77,8.0,2.5,84.68
7.07,76.1,6.0,90.98,8.88,8.48,6.33,97.17
9.19,95.49,5.0,57.58,6.42,6.83,6.55,89.29
2.82,89.68,4.0,97.21,4.81,8.34,6.43,76.93
5.88,52.94,3.0,63.71,4.84,7.06,2.0,71.89
7.31,71.45,7.0,88.0,2.75,8.28,4.86,89.64
9.58,84.92,5.0,98.01,6.86,5.35,3.96,100.0
6.49,99.34,6.0,82.22,6.27,8.43,7.94,96.28
3.3,72.92,6.0,49.69,2.39,8.29,5.58,60.87
6.63,54.64,2.0,75.17,8.97,5.6,7.55,71.99
3.88,78.1,10.0,47.13,4.32,7.34,2.02,64.03
9.79,56.33,6.0,87.35,1.45,9.13,4.16,90.66
4.6,87.58,7.0,56.88,3.95,5.5,6.4,66.8
7.17,75.38,9.0,81.71,8.83,8.42,3.58,100.0
1.21,86.17,10.0,94.61,9.25,9.72,,88.28
4.6,93.47,7.0,50.86,5.41,9.2,4.58,81.22
8.88,81.45,8.0,63.57,9.61,6.41,7.94,100.0
6.49,80.62,5.0,78.83,8.88,7.64,2.22,91.18
5.0,87.73,8.0,65.18,8.43,9.95,7.55,95.52
9.42,92.12,3.0,50.49,8.74,7.41,3.81,91.59
,93.45,7.0,41.74,4.44,4.69,4.28,79.77
3.9,51.82,0.0,64.4,7.81,4.27,4.7,53.13
5.9,77.81,10.0,78.95,6.2,8.74,2.86,93.32
5.41,60.81,2.0,74.44,7.48,6.54,7.75,71.1
6.69,93.02,7.0,49.37,2.6,5.48,7.38,72.44
4.01,82.42,0.0,67.04,7.58,6.09,7.81,61.88
3.2,71.01,1.0,62.17,9.62,8.54,7.98,61.6
9.21,59.41,10.0,56.45,3.72,6.79,5.69,86.27
9.31,66.95,9.0,83.76,9.88,9.21,4.16,100.0
8.59,85.19,2.0,58.58,4.41,8.41,,82.39
9.8,60.22,1.0,72.41,2.8,9.84,1.17,88.84
7.7,54.68,8.0,95.39,2.01,9.33,6.84,87.67
7.88,94.4,10.0,72.36,8.06,,4.48,100.0
7.86,88.21,1.0,77.02,5.99,7.95,5.71,78.81
5.33,59.99,7.0,44.39,3.76,4.12,,59.33
5.11,64.62,3.0,50.69,6.48,9.95,3.58,63.64
3.16,98.6,8.0,46.06,3.99,5.57,1.22,72.79
6.8,85.41,4.0,85.89,5.04,7.99,3.97,93.0
,80.53,1.0,90.16,8.76,9.09,3.86,74.8
3.32,65.38,3.0,51.19,7.01,4.96,2.57,57.64
6.27,64.96,5.0,53.16,7.86,9.09,2.73,77.71
4.69,51.98,8.0,59.39,6.25,,5.09,71.01
2.97,86.42,0.0,75.46,9.92,6.65,3.22,68.04
8.34,52.16,10.0,77.31,3.17,6.83,6.81,85.81
8.75,50.24,7.0,81.21,3.36,6.24,1.78,82.98
2.51,86.47,9.0,94.31,1.83,7.52,5.04,77.54
1.07,97.44,10.0,57.7,5.99,9.49,2.12,82.15
4.03,87.83,1.0,79.53,6.52,5.96,4.7,71.5
8.18,73.58,1.0,73.58,7.53,7.48,4.87,79.81
8.55,74.3,8.0,58.35,4.02,9.26,5.5,94.12
,71.81,2.0,94.44,1.11,8.64,3.99,61.31
7.97,66.23,1.0,45.73,6.69,,,73.84
2.04,76.09,5.0,82.72,9.99,9.66,2.27,84.46
4.51,71.56,10.0,83.67,3.65,4.28,4.24,81.84
9.99,79.91,8.0,94.92,2.66,7.53,3.61,98.89
2.73,94.91,5.0,71.11,3.54,7.45,5.66,79.21
2.39,99.75,2.0,59.3,4.83,8.72,4.04,66.63
4.81,53.94,3.0,89.66,3.26,4.89,6.46,64.45
6.58,69.23,7.0,86.25,4.12,5.08,3.98,88.96
9.4,59.04,1.0,70.02,6.74,,2.65,86.89
9.83,67.61,5.0,86.07,4.11,4.9,2.92,98.36
1.63,64.37,0.0,56.07,4.56,6.82,1.32,46.52
2.24,58.73,3.0,75.37,1.36,8.39,4.78,57.17
,88.2,2.0,91.91,9.26,7.91,6.82,89.67
,74.81,7.0,59.08,4.66,5.26,6.38,68.94
8.96,95.96,10.0,69.01,3.95,5.82,4.06,100.0
6.97,51.63,1.0,97.06,1.78,9.81,2.37,78.42
2.01,53.35,8.0,87.89,6.71,6.69,7.04,68.98
8.49,70.16,7.0,93.22,8.77,4.27,1.4,100.0
2.59,54.01,10.0,63.11,1.37,5.32,3.79,59.41
,63.14,10.0,99.79,2.31,6.05,7.0,86.34
5.97,99.3,1.0,49.15,2.32,10.0,3.75,77.0
5.51,60.45,8.0,71.13,6.42,5.82,1.83,79.38
7.18,59.91,6.0,68.76,9.29,4.16,2.86,86.33
6.87,78.68,1.0,87.91,4.94,7.08,5.2,81.77
9.93,74.9,2.0,94.52,4.09,4.5,2.06,92.77
,79.02,10.0,83.87,7.89,,5.58,100.0
5.65,68.84,5.0,77.61,7.68,9.95,4.07,78.98
1.86,91.34,3.0,65.65,3.22,8.23,3.34,59.9
7.55,56.93,3.0,70.62,2.45,4.3,2.69,63.35
9.79,71.42,9.0,70.56,4.22,6.69,6.76,100.0
3.86,84.49,3.0,41.22,7.98,5.03,3.78,64.97
5.15,93.41,1.0,70.18,7.26,4.74,6.17,72.15
4.82,68.48,6.0,91.36,6.99,7.52,4.08,75.34
1.46,78.39,10.0,82.56,8.46,7.03,1.64,75.36
7.05,53.46,2.0,87.74,3.49,8.46,4.08,76.49
4.18,58.52,2.0,63.43,4.06,9.35,4.55,69.41
8.09,53.46,5.0,71.74,1.38,5.48,4.2,72.62
8.49,86.39,2.0,42.01,8.82,9.54,6.71,84.76
8.39,64.4,7.0,62.98,6.24,7.11,7.38,83.03
4.75,86.19,2.0,68.46,3.68,5.55,6.51,66.74
3.89,53.32,1.0,55.31,1.62,9.07,5.08,56.26
7.74,93.13,2.0,41.87,7.51,4.21,4.79,74.12
8.21,91.78,10.0,81.42,7.74,7.36,5.51,100.0
5.42,54.45,10.0,66.11,7.0,8.33,3.01,89.57
9.04,51.19,5.0,64.94,2.83,5.68,6.68,76.26
2.3,52.81,4.0,55.0,9.22,9.18,7.0,63.03
8.91,92.68,9.0,72.27,7.78,5.44,2.87,100.0
1.86,61.74,2.0,66.28,6.92,9.04,7.32,61.66
2.38,77.41,7.0,68.44,6.86,4.47,6.94,68.62
5.8,71.31,7.0,74.85,9.14,4.96,3.97,87.19
1.61,89.78,7.0,40.38,9.35,6.29,7.36,64.3
1.48,74.44,2.0,94.46,6.36,9.12,1.84,68.06
1.0,75.03,7.0,44.27,4.75,4.87,1.2,57.27
4.93,99.45,6.0,67.06,4.27,9.25,3.44,81.96
7.97,57.51,9.0,52.44,8.37,5.38,4.96,88.97
1.31,91.54,1.0,71.43,6.8,6.72,3.46,61.33
,52.59,6.0,56.81,1.7,6.12,7.59,60.51
,73.88,9.0,91.6,2.28,4.71,2.78,89.61
2.51,94.32,3.0,63.78,9.1,9.67,2.97,67.25
2.32,83.26,8.0,78.33,8.96,6.63,5.44,81.67
8.75,84.26,1.0,54.93,9.57,8.14,1.03,83.34
8.41,63.17,7.0,41.16,4.85,7.45,6.09,79.02
5.85,70.93,6.0,64.25,8.06,7.01,3.64,81.89
8.37,68.33,2.0,72.19,8.45,7.7,7.84,82.18
1.83,76.07,0.0,67.57,3.84,9.39,5.84,55.85
4.55,73.11,8.0,97.72,2.31,8.2,1.37,87.61
7.64,66.34,2.0,82.41,9.97,7.19,1.65,77.94
,65.27,5.0,99.74,1.27,7.87,1.62,72.87
7.77,62.54,0.0,57.7,6.38,7.64,7.67,70.24
5.54,68.25,10.0,87.34,6.85,6.6,5.79,96.74
7.75,57.5,6.0,73.33,7.14,7.75,3.99,93.4
5.18,93.61,10.0,76.71,3.3,6.66,2.4,85.13
4.31,80.11,1.0,99.15,7.49,8.55,7.12,76.25
2.97,56.69,2.0,79.24,2.95,9.81,2.41,56.12
2.88,84.69,6.0,93.93,8.46,9.76,5.95,90.47
7.76,92.38,6.0,83.55,2.97,8.92,6.34,96.71
2.07,61.88,8.0,47.64,7.27,7.61,3.06,65.93
1.77,57.53,10.0,81.97,8.05,8.5,4.53,77.52
2.59,50.43,9.0,69.06,2.7,5.07,2.56,69.85
2.58,52.36,1.0,95.13,3.14,6.87,3.65,64.33
8.41,88.11,3.0,88.41,8.01,5.54,7.76,96.41
4.59,99.36,10.0,46.25,1.77,4.02,5.85,75.66
9.91,52.24,6.0,48.03,2.72,9.8,6.93,78.11
,87.4,9.0,44.18,5.1,9.18,4.78,72.75
6.88,53.59,6.0,69.59,9.37,7.08,2.67,87.91
,79.61,0.0,44.85,6.06,5.52,5.99,57.68
4.54,87.8,5.0,83.42,4.49,8.16,4.5,79.57
8.88,67.96,9.0,73.14,9.81,6.61,2.24,100.0
9.78,50.55,7.0,90.15,5.17,8.82,3.89,100.0
8.86,79.76,1.0,56.79,4.9,10.0,5.44,77.3
,99.56,2.0,71.15,4.7,6.09,6.15,64.55
2.99,62.88,9.0,47.05,3.81,5.47,2.7,65.22
6.9,59.47,10.0,93.08,3.93,5.6,7.13,90.96
3.6,56.2,8.0,50.5,7.19,4.56,3.66,63.92
7.61,77.76,1.0,46.14,1.37,6.36,2.9,74.31
